{"cameraMode":{"drawMode":0,"name":"Shaded","section":"Shading Mode"},"sceneLighting":false,"audioPlay":false,"sceneViewState":{"showFog":true,"showMaterialUpdate":false,"showSkybox":true,"showFlares":true,"showImageEffects":true,"showParticleSystems":true},"in2DMode":false,"pivot":{"x":2.6261229515075685,"y":0.5240575075149536,"z":7.770256996154785},"rotation":{"x":0.020973272621631624,"y":0.7145922780036926,"z":-0.021444180980324746,"w":0.6988990306854248},"size":2.388906955718994,"orthographic":false}