{"cameraMode":{"drawMode":0,"name":"Shaded","section":"Shading Mode"},"sceneLighting":false,"audioPlay":false,"sceneViewState":{"showFog":true,"showMaterialUpdate":false,"showSkybox":true,"showFlares":true,"showImageEffects":true,"showParticleSystems":true},"in2DMode":false,"pivot":{"x":-107.94133758544922,"y":-52.64111328125,"z":52.75771713256836},"rotation":{"x":0.1787569522857666,"y":-0.5292951464653015,"z":0.1151936948299408,"w":0.8214012980461121},"size":138.73577880859376,"orthographic":false}