{"cameraMode":{"drawMode":0,"name":"Shaded","section":"Shading Mode"},"sceneLighting":false,"audioPlay":false,"sceneViewState":{"showFog":true,"showMaterialUpdate":false,"showSkybox":true,"showFlares":true,"showImageEffects":true,"showParticleSystems":true},"in2DMode":false,"pivot":{"x":18.10318946838379,"y":-6.845132350921631,"z":-14.50386905670166},"rotation":{"x":0.039255887269973758,"y":0.9471776485443115,"z":-0.1268778145313263,"w":0.2920837998390198},"size":30.923095703125,"orthographic":false}