{"cameraMode":{"drawMode":0,"name":"Shaded","section":"Shading Mode"},"sceneLighting":false,"audioPlay":false,"sceneViewState":{"showFog":true,"showMaterialUpdate":false,"showSkybox":true,"showFlares":true,"showImageEffects":true,"showParticleSystems":true},"in2DMode":false,"pivot":{"x":-4.915814399719238,"y":-2.495170831680298,"z":-1.5780889987945557},"rotation":{"x":-0.11971777677536011,"y":0.807489275932312,"z":-0.17565153539180757,"w":-0.5502837300300598},"size":8.91952133178711,"orthographic":false}