{"cameraMode":{"drawMode":0,"name":"Shaded","section":"Shading Mode"},"sceneLighting":false,"audioPlay":false,"sceneViewState":{"showFog":true,"showMaterialUpdate":false,"showSkybox":true,"showFlares":true,"showImageEffects":true,"showParticleSystems":true},"in2DMode":false,"pivot":{"x":2.349412441253662,"y":0.4601631164550781,"z":7.907405853271484},"rotation":{"x":0.025445006787776948,"y":-0.9718775153160095,"z":0.19802142679691316,"w":0.12488316744565964},"size":2.8263866901397707,"orthographic":false}