{"cameraMode":{"drawMode":0,"name":"Shaded","section":"Shading Mode"},"sceneLighting":false,"audioPlay":false,"sceneViewState":{"showFog":true,"showMaterialUpdate":false,"showSkybox":true,"showFlares":true,"showImageEffects":true,"showParticleSystems":true},"in2DMode":false,"pivot":{"x":-5.830129623413086,"y":99.13508605957031,"z":-23.519372940063478},"rotation":{"x":-0.6340794563293457,"y":0.0014134460361674429,"z":-0.0011514995712786914,"w":-0.773316502571106},"size":8.530722618103028,"orthographic":false}