{"cameraMode":{"drawMode":0,"name":"Shaded","section":"Shading Mode"},"sceneLighting":false,"audioPlay":false,"sceneViewState":{"showFog":true,"showMaterialUpdate":false,"showSkybox":true,"showFlares":true,"showImageEffects":true,"showParticleSystems":true},"in2DMode":false,"pivot":{"x":-0.5059912204742432,"y":0.29293549060821535,"z":11.54080867767334},"rotation":{"x":-0.03239619359374046,"y":0.1351257860660553,"z":-0.00440721632912755,"w":-0.9903106093406677},"size":9.302024841308594,"orthographic":false}