{"cameraMode":{"drawMode":0,"name":"Shaded","section":"Shading Mode"},"sceneLighting":false,"audioPlay":false,"sceneViewState":{"showFog":true,"showMaterialUpdate":false,"showSkybox":true,"showFlares":true,"showImageEffects":true,"showParticleSystems":true},"in2DMode":false,"pivot":{"x":-1.4627480506896973,"y":1.5119320154190064,"z":-1.546933650970459},"rotation":{"x":-0.024827376008033754,"y":0.953355073928833,"z":-0.08170901238918305,"w":-0.28957483172416689},"size":8.91952133178711,"orthographic":false}