{"cameraMode":{"drawMode":0,"name":"Shaded","section":"Shading Mode"},"sceneLighting":false,"audioPlay":false,"sceneViewState":{"showFog":true,"showMaterialUpdate":false,"showSkybox":true,"showFlares":true,"showImageEffects":true,"showParticleSystems":true},"in2DMode":false,"pivot":{"x":7.137054443359375,"y":0.43171370029449465,"z":8.246235847473145},"rotation":{"x":0.02768472395837307,"y":-0.959180474281311,"z":0.10108525305986405,"w":0.26267096400260928},"size":2.680424451828003,"orthographic":false}