{"cameraMode":{"drawMode":0,"name":"Shaded","section":"Shading Mode"},"sceneLighting":false,"audioPlay":false,"sceneViewState":{"showFog":true,"showMaterialUpdate":false,"showSkybox":true,"showFlares":true,"showImageEffects":true,"showParticleSystems":true},"in2DMode":false,"pivot":{"x":3.8943958282470705,"y":0.5548980236053467,"z":1.2789894342422486},"rotation":{"x":0.050270795822143558,"y":0.286516398191452,"z":-0.015054411254823208,"w":0.9566418528556824},"size":1.4576172828674317,"orthographic":false}