{"cameraMode":{"drawMode":0,"name":"Shaded","section":"Shading Mode"},"sceneLighting":true,"audioPlay":false,"sceneViewState":{"showFog":true,"showMaterialUpdate":false,"showSkybox":true,"showFlares":true,"showImageEffects":true,"showParticleSystems":true},"in2DMode":false,"pivot":{"x":-17.35866928100586,"y":-0.821692705154419,"z":19.663602828979493},"rotation":{"x":0.12433847784996033,"y":0.7666424512863159,"z":-0.1562044620513916,"w":0.6102461218833923},"size":3.060032367706299,"orthographic":false}