{"cameraMode":{"drawMode":0,"name":"Shaded","section":"Shading Mode"},"sceneLighting":true,"audioPlay":false,"sceneViewState":{"showFog":true,"showMaterialUpdate":false,"showSkybox":true,"showFlares":true,"showImageEffects":true,"showParticleSystems":true},"in2DMode":false,"pivot":{"x":0.8661041259765625,"y":10.774017333984375,"z":-0.7612133026123047},"rotation":{"x":-0.0025808564387261869,"y":-0.7472429871559143,"z":0.6645725965499878,"w":-0.0029118098318576814},"size":92.19381713867188,"orthographic":false}