{"cameraMode":{"drawMode":0,"name":"Shaded","section":"Shading Mode"},"sceneLighting":true,"audioPlay":false,"sceneViewState":{"showFog":true,"showMaterialUpdate":false,"showSkybox":true,"showFlares":true,"showImageEffects":true,"showParticleSystems":true},"in2DMode":false,"pivot":{"x":-22.969684600830079,"y":-0.7834606170654297,"z":21.354373931884767},"rotation":{"x":-0.002297637052834034,"y":-0.9923612475395203,"z":0.12208422273397446,"w":-0.01874992437660694},"size":1.4828212261199952,"orthographic":false}