{"cameraMode":{"drawMode":0,"name":"Shaded","section":"Shading Mode"},"sceneLighting":true,"audioPlay":false,"sceneViewState":{"showFog":true,"showMaterialUpdate":false,"showSkybox":true,"showFlares":true,"showImageEffects":true,"showParticleSystems":true},"in2DMode":false,"pivot":{"x":-17.47648048400879,"y":0.09157583862543106,"z":21.40412139892578},"rotation":{"x":0.10402974486351013,"y":0.8945878148078919,"z":-0.2796712815761566,"w":0.33275508880615237},"size":1.8750405311584473,"orthographic":false}