{"cameraMode":{"drawMode":0,"name":"Shaded","section":"Shading Mode"},"sceneLighting":true,"audioPlay":false,"sceneViewState":{"showFog":true,"showMaterialUpdate":false,"showSkybox":true,"showFlares":true,"showImageEffects":true,"showParticleSystems":true},"in2DMode":false,"pivot":{"x":-6.68858528137207,"y":5.3736348152160648,"z":10.64274787902832},"rotation":{"x":0.22661161422729493,"y":-0.0508107952773571,"z":0.011821269057691098,"w":0.9726062417030335},"size":10.0,"orthographic":false}