{"cameraMode":{"drawMode":0,"name":"Shaded","section":"Shading Mode"},"sceneLighting":true,"audioPlay":false,"sceneViewState":{"showFog":true,"showMaterialUpdate":false,"showSkybox":true,"showFlares":true,"showImageEffects":true,"showParticleSystems":true},"in2DMode":false,"pivot":{"x":54.35941696166992,"y":-48.33850860595703,"z":60.222469329833987},"rotation":{"x":0.2249680459499359,"y":0.4904617965221405,"z":-0.13234475255012513,"w":0.8317505121231079},"size":96.30615997314453,"orthographic":false}