{"cameraMode":{"drawMode":0,"name":"Shaded","section":"Shading Mode"},"sceneLighting":true,"audioPlay":false,"sceneViewState":{"showFog":true,"showMaterialUpdate":false,"showSkybox":true,"showFlares":true,"showImageEffects":true,"showParticleSystems":true},"in2DMode":false,"pivot":{"x":-9.46219253540039,"y":-4.180169582366943,"z":19.70340919494629},"rotation":{"x":0.15270617604255677,"y":0.40264594554901125,"z":-0.06816641986370087,"w":0.9000688791275024},"size":14.771687507629395,"orthographic":false}