{"cameraMode":{"drawMode":0,"name":"Shaded","section":"Shading Mode"},"sceneLighting":true,"audioPlay":false,"sceneViewState":{"showFog":true,"showMaterialUpdate":false,"showSkybox":true,"showFlares":true,"showImageEffects":true,"showParticleSystems":true},"in2DMode":false,"pivot":{"x":-4.693532943725586,"y":-21.06412696838379,"z":-276.6570739746094},"rotation":{"x":0.0007706336909905076,"y":0.9990689158439636,"z":-0.038093987852334979,"w":0.023371219635009767},"size":303.4209289550781,"orthographic":false}