{"cameraMode":{"drawMode":0,"name":"Shaded","section":"Shading Mode"},"sceneLighting":true,"audioPlay":false,"sceneViewState":{"showFog":true,"showMaterialUpdate":false,"showSkybox":true,"showFlares":true,"showImageEffects":true,"showParticleSystems":true},"in2DMode":false,"pivot":{"x":-10.411368370056153,"y":1.364344596862793,"z":7.185068607330322},"rotation":{"x":-0.06991720199584961,"y":-0.9084309935569763,"z":0.37597793340682986,"w":-0.16896583139896394},"size":8.072115898132325,"orthographic":false}