{"cameraMode":{"drawMode":0,"name":"Shaded","section":"Shading Mode"},"sceneLighting":true,"audioPlay":false,"sceneViewState":{"showFog":true,"showMaterialUpdate":false,"showSkybox":true,"showFlares":true,"showImageEffects":true,"showParticleSystems":true},"in2DMode":false,"pivot":{"x":2.3900766372680666,"y":1.156798005104065,"z":-1.9781239032745362},"rotation":{"x":-0.09738614410161972,"y":-0.832217276096344,"z":0.1548151671886444,"w":-0.5236741900444031},"size":3.142116069793701,"orthographic":false}