{"cameraMode":{"drawMode":0,"name":"Shaded","section":"Shading Mode"},"sceneLighting":true,"audioPlay":false,"sceneViewState":{"showFog":true,"showMaterialUpdate":false,"showSkybox":true,"showFlares":true,"showImageEffects":true,"showParticleSystems":true},"in2DMode":false,"pivot":{"x":-0.031058212742209436,"y":-1.0263721942901612,"z":-3.266024589538574},"rotation":{"x":-0.0028372027445584537,"y":0.9767300486564636,"z":-0.21463464200496674,"w":-0.013501502573490143},"size":6.821475982666016,"orthographic":false}